{"cameraMode":{"drawMode":0,"name":"Shaded","section":"Shading Mode"},"sceneLighting":true,"audioPlay":false,"sceneViewState":{"m_AlwaysRefresh":false,"showFog":true,"showSkybox":true,"showFlares":true,"showImageEffects":true,"showParticleSystems":true,"showVisualEffectGraphs":true,"m_FxEnabled":true},"in2DMode":false,"pivot":{"x":0.23576569557189942,"y":1.6105189323425294,"z":-2.047821044921875},"rotation":{"x":0.003910898696631193,"y":-0.9913127422332764,"z":0.1279972642660141,"w":0.030380237847566606},"size":0.6177425980567932,"orthographic":false}